"0","allCommitDates <- ymd_hms(allCommitDates)"
"0","Sys.timezone()"
"1","[1]"
"1"," ""Asia/Taipei"""
"1","
"
"0","allCommitDatesTW <- with_tz(allCommitDates,tzone=""Asia/Taipei"")"
"0","allCommitDatesTW"
"1"," [1]"
"1"," ""2019-04-19 02:52:03 CST"""
"1"," ""2019-04-18 06:43:09 CST"""
"1"," ""2019-04-18 06:07:25 CST"""
"1"," ""2019-04-18 05:25:21 CST"""
"1","
"
"1"," [5]"
"1"," ""2019-04-18 04:00:28 CST"""
"1"," ""2019-04-18 03:55:47 CST"""
"1"," ""2019-04-18 02:32:40 CST"""
"1"," ""2019-04-18 00:38:56 CST"""
"1","
"
"1"," [9]"
"1"," ""2019-04-18 00:37:20 CST"""
"1"," ""2019-04-17 09:56:34 CST"""
"1"," ""2019-04-17 08:28:38 CST"""
"1"," ""2019-04-17 08:02:33 CST"""
"1","
"
"1","[13]"
"1"," ""2019-04-17 04:33:30 CST"""
"1"," ""2019-04-17 04:08:41 CST"""
"1"," ""2019-04-17 03:01:14 CST"""
"1"," ""2019-04-17 02:59:42 CST"""
"1","
"
"1","[17]"
"1"," ""2019-04-17 02:50:46 CST"""
"1"," ""2019-04-15 12:41:00 CST"""
"1"," ""2019-04-14 07:08:45 CST"""
"1"," ""2019-04-14 06:02:58 CST"""
"1","
"
"1","[21]"
"1"," ""2019-04-14 05:51:56 CST"""
"1"," ""2019-04-13 06:36:03 CST"""
"1"," ""2019-04-13 06:30:42 CST"""
"1"," ""2019-04-13 04:23:17 CST"""
"1","
"
"1","[25]"
"1"," ""2019-04-13 01:08:41 CST"""
"1"," ""2019-04-12 11:54:15 CST"""
"1"," ""2019-04-12 09:05:12 CST"""
"1"," ""2019-04-12 07:38:02 CST"""
"1","
"
"1","[29]"
"1"," ""2019-04-12 07:36:09 CST"""
"1"," ""2019-04-12 06:51:20 CST"""
"1","
"
